date,rate
1/3/07,4.6582
1/4/07,4.6024
1/5/07,4.6442
1/8/07,4.6522
1/9/07,4.6542
1/10/07,4.6843
1/11/07,4.7305
1/12/07,4.775
1/15/07,4.775
1/16/07,4.7467
1/17/07,4.7791
1/18/07,4.7427
1/19/07,4.7752
1/22/07,4.759
1/23/07,4.8077
1/24/07,4.8077
1/25/07,4.8731
1/26/07,4.8733
1/29/07,4.8897
1/30/07,4.8693
1/31/07,4.808
2/1/07,4.8346
2/2/07,4.8204
2/5/07,4.8021
2/6/07,4.7655
2/7/07,4.7432
2/8/07,4.7319
2/9/07,4.7797
2/12/07,4.8037
2/13/07,4.8078
2/14/07,4.7359
2/15/07,4.7061
2/16/07,4.6882
2/19/07,4.6882
2/20/07,4.6743
2/21/07,4.6902
2/22/07,4.7279
2/23/07,4.6703
2/26/07,4.6248
2/27/07,4.5109
2/28/07,4.5657
3/1/07,4.5499
3/2/07,4.497
3/5/07,4.495
3/6/07,4.5282
3/7/07,4.4871
3/8/07,4.5125
3/9/07,4.5871
3/12/07,4.5516
3/13/07,4.4907
3/14/07,4.5338
3/15/07,4.5358
3/16/07,4.5435
3/19/07,4.5632
3/20/07,4.5494
3/21/07,4.5356
3/22/07,4.5829
3/23/07,4.6105
3/26/07,4.6006
3/27/07,4.5966
3/28/07,4.6204
3/29/07,4.6423
3/30/07,4.6443
4/2/07,4.6403
4/3/07,4.6642
4/4/07,4.6482
4/5/07,4.6782
4/6/07,4.7485
4/9/07,4.7425
4/10/07,4.7184
4/11/07,4.7304
4/12/07,4.7345
4/13/07,4.7608
4/16/07,4.7346
4/17/07,4.6803
4/18/07,4.6502
4/19/07,4.6642
4/20/07,4.6703
4/23/07,4.6402
4/24/07,4.6202
4/25/07,4.6502
4/26/07,4.6964
4/27/07,4.6924
4/30/07,4.6222
5/1/07,4.6362
5/2/07,4.6422
5/3/07,4.6723
5/4/07,4.6382
5/7/07,4.6262
5/8/07,4.6342
5/9/07,4.6618
5/10/07,4.6379
5/11/07,4.6717
5/14/07,4.6936
5/15/07,4.7016
5/16/07,4.7096
5/17/07,4.7517
5/18/07,4.8001
5/21/07,4.782
5/22/07,4.8245
5/23/07,4.8468
5/24/07,4.8387
5/25/07,4.8572
5/28/07,4.8573
5/29/07,4.8818
5/30/07,4.8675
5/31/07,4.8879
6/1/07,4.9516
6/4/07,4.9271
6/5/07,4.9908
6/6/07,4.9641
6/7/07,5.13
6/8/07,5.0991
6/11/07,5.1514
6/12/07,5.2928
6/13/07,5.1979
6/14/07,5.2212
6/15/07,5.1627
6/18/07,5.1335
6/19/07,5.0814
6/20/07,5.1316
6/21/07,5.1863
6/22/07,5.13
6/25/07,5.08
6/26/07,5.078
6/27/07,5.0802
6/28/07,5.1033
6/29/07,5.0244
7/2/07,4.9892
7/3/07,5.0372
7/4/07,5.0373
7/5/07,5.1402
7/6/07,5.1824
7/9/07,5.1382
7/10/07,5.0212
7/11/07,5.086
7/12/07,5.1239
7/13/07,5.0928
7/16/07,5.0385
7/17/07,5.0491
7/18/07,5.0283
7/19/07,5.0159
7/20/07,4.9497
7/23/07,4.9477
7/24/07,4.9085
7/25/07,4.8983
7/26/07,4.7854
7/27/07,4.757
7/30/07,4.802
7/31/07,4.7388
8/1/07,4.7919
8/2/07,4.7654
8/3/07,4.6842
8/6/07,4.7371
8/7/07,4.7677
8/8/07,4.8767
8/9/07,4.7678
8/10/07,4.8076
8/13/07,4.7599
8/14/07,4.7243
8/15/07,4.7243
8/16/07,4.6572
8/17/07,4.6847
8/20/07,4.6257
8/21/07,4.5904
8/22/07,4.6452
8/23/07,4.6452
8/24/07,4.6156
8/27/07,4.5627
8/28/07,4.5062
8/29/07,4.5587
8/30/07,4.5061
8/31/07,4.5292
9/3/07,4.5291
9/4/07,4.5466
9/5/07,4.4669
9/6/07,4.5076
9/7/07,4.3816
9/10/07,4.322
9/11/07,4.3679
9/12/07,4.4102
9/13/07,4.4643
9/14/07,4.4544
9/17/07,4.466
9/18/07,4.4717
9/19/07,4.5458
9/20/07,4.6957
9/21/07,4.6203
9/24/07,4.6282
9/25/07,4.6242
9/26/07,4.6202
9/27/07,4.563
9/28/07,4.5865
10/1/07,4.5452
10/2/07,4.5216
10/3/07,4.5588
10/4/07,4.5097
10/5/07,4.6356
10/8/07,4.6356
10/9/07,4.6475
10/10/07,4.6495
10/11/07,4.6355
10/12/07,4.6812
10/15/07,4.6772
10/16/07,4.6473
10/17/07,4.5522
10/18/07,4.4893
10/19/07,4.3915
10/22/07,4.4108
10/23/07,4.403
10/24/07,4.3388
10/25/07,4.3775
10/26/07,4.4006
10/29/07,4.3811
10/30/07,4.379
10/31/07,4.4708
11/1/07,4.3458
11/2/07,4.3165
11/5/07,4.3338
11/6/07,4.3726
11/7/07,4.3084
11/8/07,4.2829
11/9/07,4.2133
11/12/07,4.2133
11/13/07,4.2635
11/14/07,4.25
11/15/07,4.1403
11/16/07,4.167
11/19/07,4.0714
11/20/07,4.0961
11/21/07,4.0067
11/22/07,4.0065
11/23/07,3.9989
11/26/07,3.8391
11/27/07,3.9477
11/28/07,4.0347
11/29/07,3.9344
11/30/07,3.9379
12/3/07,3.8459
12/4/07,3.8926
12/5/07,3.9547
12/6/07,4.0076
12/7/07,4.1048
12/10/07,4.1567
12/11/07,3.9694
12/12/07,4.0893
12/13/07,4.2011
12/14/07,4.234
12/17/07,4.1449
12/18/07,4.1179
12/19/07,4.0278
12/20/07,4.0507
12/21/07,4.1679
12/24/07,4.2125
12/25/07,4.2125
12/26/07,4.2749
12/27/07,4.1969
12/28/07,4.0732
12/31/07,4.0232
1/1/08,4.0231
1/2/08,3.9033
1/3/08,3.8918
1/4/08,3.8651
1/7/08,3.8311
1/8/08,3.7822
1/9/08,3.8215
1/10/08,3.8837
1/11/08,3.7835
1/14/08,3.7647
1/15/08,3.6751
1/16/08,3.7345
1/17/08,3.6211
1/18/08,3.6297
1/21/08,3.6296
1/22/08,3.4332
1/23/08,3.598
1/24/08,3.7018
1/25/08,3.5494
1/28/08,3.5806
1/29/08,3.6769
1/30/08,3.6656
1/31/08,3.5931
2/1/08,3.5926
2/4/08,3.6444
2/5/08,3.5701
2/6/08,3.5885
2/7/08,3.7569
2/8/08,3.6428
2/11/08,3.6144
2/12/08,3.6579
2/13/08,3.7282
2/14/08,3.8163
2/15/08,3.7686
2/18/08,3.7686
2/19/08,3.8959
2/20/08,3.8902
2/21/08,3.7706
2/22/08,3.8015
2/25/08,3.8964
2/26/08,3.8596
2/27/08,3.8481
2/28/08,3.6697
2/29/08,3.5092
3/3/08,3.5468
3/4/08,3.6242
3/5/08,3.668
3/6/08,3.5826
3/7/08,3.5317
3/10/08,3.4549
3/11/08,3.5921
3/12/08,3.4604
3/13/08,3.5261
3/14/08,3.4679
3/17/08,3.3061
3/18/08,3.4828
3/19/08,3.3282
3/20/08,3.3336
3/21/08,3.3335
3/24/08,3.5563
3/25/08,3.5053
3/26/08,3.4602
3/27/08,3.528
3/28/08,3.4414
3/31/08,3.4096
4/1/08,3.5583
4/2/08,3.5963
4/3/08,3.5773
4/4/08,3.4657
4/7/08,3.5356
4/8/08,3.5564
4/9/08,3.4807
4/10/08,3.5394
4/11/08,3.4694
4/14/08,3.5109
4/15/08,3.6003
4/16/08,3.6886
4/17/08,3.7273
4/18/08,3.7061
4/21/08,3.7255
4/22/08,3.6908
4/23/08,3.7314
4/24/08,3.8249
4/25/08,3.8703
4/28/08,3.8252
4/29/08,3.8194
4/30/08,3.7279
5/1/08,3.763
5/2/08,3.8551
5/5/08,3.867
5/6/08,3.9164
5/7/08,3.8475
5/8/08,3.7748
5/9/08,3.7692
5/12/08,3.7974
5/13/08,3.9131
5/14/08,3.9112
5/15/08,3.8144
5/16/08,3.8446
5/19/08,3.8294
5/20/08,3.7746
5/21/08,3.8067
5/22/08,3.9111
5/23/08,3.8425
5/26/08,3.8425
5/27/08,3.9188
5/28/08,4.0033
5/29/08,4.075
5/30/08,4.0595
6/2/08,3.9571
6/3/08,3.8939
6/4/08,3.9764
6/5/08,4.0383
6/6/08,3.9092
6/9/08,3.9977
6/10/08,4.1027
6/11/08,4.0735
6/12/08,4.2108
6/13/08,4.2565
6/16/08,4.2666
6/17/08,4.1973
6/18/08,4.1363
6/19/08,4.2073
6/20/08,4.1641
6/23/08,4.1641
6/24/08,4.0818
6/25/08,4.0994
6/26/08,4.033
6/27/08,3.9652
6/30/08,3.969
7/1/08,4.002
7/2/08,3.9575
7/3/08,3.975
7/4/08,3.975
7/7/08,3.8995
7/8/08,3.8822
7/9/08,3.8112
7/10/08,3.7959
7/11/08,3.9576
7/14/08,3.8553
7/15/08,3.8188
7/16/08,3.9344
7/17/08,3.9907
7/18/08,4.0828
7/21/08,4.0416
7/22/08,4.0987
7/23/08,4.1165
7/24/08,3.9968
7/25/08,4.0969
7/28/08,4.0008
7/29/08,4.038
7/30/08,4.0439
7/31/08,3.9462
8/1/08,3.9307
8/4/08,3.9619
8/5/08,4.0167
8/6/08,4.0501
8/7/08,3.92
8/8/08,3.9276
8/11/08,3.9904
8/12/08,3.8954
8/13/08,3.9314
8/14/08,3.886
8/15/08,3.8349
8/18/08,3.8104
8/19/08,3.8292
8/20/08,3.8009
8/21/08,3.8291
8/22/08,3.8704
8/25/08,3.7837
8/26/08,3.7743
8/27/08,3.763
8/28/08,3.7779
8/29/08,3.8116
9/1/08,3.8115
9/2/08,3.7326
9/3/08,3.699
9/4/08,3.6227
9/5/08,3.6986
9/8/08,3.6743
9/9/08,3.5668
9/10/08,3.6295
9/11/08,3.6425
9/12/08,3.7187
9/15/08,3.3868
9/16/08,3.4357
9/17/08,3.4137
9/18/08,3.5437
9/19/08,3.8105
9/22/08,3.8351
9/23/08,3.7991
9/24/08,3.8104
9/25/08,3.854
9/26/08,3.852
9/29/08,3.5776
9/30/08,3.8234
10/1/08,3.7382
10/2/08,3.6276
10/3/08,3.6031
10/6/08,3.4532
10/7/08,3.5028
10/8/08,3.6401
10/9/08,3.785
10/10/08,3.8705
10/13/08,3.978
10/14/08,4.0772
10/15/08,3.9453
10/16/08,3.9569
10/17/08,3.9299
10/20/08,3.8416
10/21/08,3.7388
10/22/08,3.594
10/23/08,3.6745
10/24/08,3.6856
10/27/08,3.6874
10/28/08,3.8336
10/29/08,3.8546
10/30/08,3.9645
10/31/08,3.953
11/3/08,3.9141
11/4/08,3.7247
11/5/08,3.7019
11/6/08,3.6886
11/7/08,3.7929
11/10/08,3.7432
11/11/08,3.7432
11/12/08,3.6466
11/13/08,3.8525
11/14/08,3.7349
11/17/08,3.6484
11/18/08,3.5293
11/19/08,3.3205
11/20/08,3.0131
11/21/08,3.1974
11/24/08,3.3236
11/25/08,3.1078
11/26/08,2.9784
11/27/08,2.9778
11/28/08,2.92
12/1/08,2.7309
12/2/08,2.6724
12/3/08,2.6585
12/4/08,2.5513
12/5/08,2.7037
12/8/08,2.7378
12/9/08,2.6399
12/10/08,2.6824
12/11/08,2.6019
12/12/08,2.5705
12/15/08,2.5127
12/16/08,2.2558
12/17/08,2.1915
12/18/08,2.0788
12/19/08,2.1231
12/22/08,2.17
12/23/08,2.1729
12/24/08,2.182
12/25/08,2.1809
12/26/08,2.1318
12/29/08,2.0989
12/30/08,2.053
12/31/08,2.2123
1/1/09,2.2123
1/2/09,2.3688
1/5/09,2.4812
1/6/09,2.4454
1/7/09,2.4942
1/8/09,2.4398
1/9/09,2.39
1/12/09,2.3044
1/13/09,2.2924
1/14/09,2.1993
1/15/09,2.2055
1/16/09,2.3187
1/19/09,2.3184
1/20/09,2.3771
1/21/09,2.536
1/22/09,2.5922
1/23/09,2.6172
1/26/09,2.6411
1/27/09,2.5274
1/28/09,2.6665
1/29/09,2.8586
1/30/09,2.8403
2/2/09,2.7226
2/3/09,2.884
2/4/09,2.9353
2/5/09,2.912
2/6/09,2.9917
2/9/09,2.9844
2/10/09,2.8136
2/11/09,2.7537
2/12/09,2.7824
2/13/09,2.8894
2/16/09,2.8895
2/17/09,2.6479
2/18/09,2.7554
2/19/09,2.8531
2/20/09,2.7879
2/23/09,2.7536
2/24/09,2.7951
2/25/09,2.9263
2/26/09,2.9908
2/27/09,3.0131
3/2/09,2.8624
3/3/09,2.8771
3/4/09,2.9745
3/5/09,2.8115
3/6/09,2.8717
3/9/09,2.8589
3/10/09,3.0044
3/11/09,2.9048
3/12/09,2.8535
3/13/09,2.8902
3/16/09,2.9529
3/17/09,3.0066
3/18/09,2.533
3/19/09,2.6023
3/20/09,2.6344
3/23/09,2.6523
3/24/09,2.701
3/25/09,2.7844
3/26/09,2.7389
3/27/09,2.7571
3/30/09,2.7117
3/31/09,2.6629
4/1/09,2.6539
4/2/09,2.7662
4/3/09,2.8853
4/6/09,2.9223
4/7/09,2.8965
4/8/09,2.8559
4/9/09,2.9207
4/10/09,2.9226
4/13/09,2.8579
4/14/09,2.7845
4/15/09,2.7644
4/16/09,2.8303
4/17/09,2.9451
4/20/09,2.8359
4/21/09,2.8969
4/22/09,2.9397
4/23/09,2.9193
4/24/09,2.9903
4/27/09,2.9083
4/28/09,3.0073
4/29/09,3.1073
4/30/09,3.1187
5/1/09,3.1533
5/4/09,3.1514
5/5/09,3.1592
5/6/09,3.1612
5/7/09,3.3341
5/8/09,3.2856
5/11/09,3.1654
5/12/09,3.1727
5/13/09,3.1195
5/14/09,3.0884
5/15/09,3.1341
5/18/09,3.23
5/19/09,3.243
5/20/09,3.1912
5/21/09,3.3644
5/22/09,3.4495
5/25/09,3.4496
5/26/09,3.5467
5/27/09,3.7381
5/28/09,3.6122
5/29/09,3.4594
6/1/09,3.6726
6/2/09,3.6127
6/3/09,3.5398
6/4/09,3.7099
6/5/09,3.8279
6/8/09,3.8736
6/9/09,3.8559
6/10/09,3.9455
6/11/09,3.8543
6/12/09,3.7916
6/15/09,3.7113
6/16/09,3.6588
6/17/09,3.6882
6/18/09,3.8277
6/19/09,3.7808
6/22/09,3.681
6/23/09,3.6208
6/24/09,3.6851
6/25/09,3.5398
6/26/09,3.5363
6/29/09,3.4768
6/30/09,3.5326
7/1/09,3.5365
7/2/09,3.4946
7/3/09,3.4985
7/6/09,3.5063
7/7/09,3.4544
7/8/09,3.3081
7/9/09,3.403
7/10/09,3.3026
7/13/09,3.35
7/14/09,3.4703
7/15/09,3.6038
7/16/09,3.5689
7/17/09,3.6433
7/20/09,3.6063
7/21/09,3.4824
7/22/09,3.5443
7/23/09,3.6555
7/24/09,3.6578
7/27/09,3.7189
7/28/09,3.6856
7/29/09,3.6582
7/30/09,3.6074
7/31/09,3.4796
8/3/09,3.6333
8/4/09,3.6845
8/5/09,3.7459
8/6/09,3.7501
8/7/09,3.8502
8/10/09,3.7765
8/11/09,3.6677
8/12/09,3.7172
8/13/09,3.595
8/14/09,3.5688
8/17/09,3.4684
8/18/09,3.5092
8/19/09,3.4517
8/20/09,3.4313
8/21/09,3.5649
8/24/09,3.4755
8/25/09,3.4348
8/26/09,3.4329
8/27/09,3.4531
8/28/09,3.4456
8/31/09,3.3975
9/1/09,3.3625
9/2/09,3.3056
9/3/09,3.344
9/4/09,3.4378
9/7/09,3.4415
9/8/09,3.4823
9/9/09,3.4711
9/10/09,3.3472
9/11/09,3.347
9/14/09,3.4208
9/15/09,3.4541
9/16/09,3.469
9/17/09,3.3836
9/18/09,3.4632
9/21/09,3.4799
9/22/09,3.4445
9/23/09,3.4184
9/24/09,3.3813
9/25/09,3.3184
9/28/09,3.2797
9/29/09,3.2906
9/30/09,3.3053
10/1/09,3.179
10/2/09,3.2188
10/5/09,3.2205
10/6/09,3.2552
10/7/09,3.182
10/8/09,3.2477
10/9/09,3.3802
10/12/09,3.3783
10/13/09,3.3468
10/14/09,3.4136
10/15/09,3.4565
10/16/09,3.4115
10/19/09,3.3891
10/20/09,3.3407
10/21/09,3.3853
10/22/09,3.4132
10/23/09,3.49
10/26/09,3.5542
10/27/09,3.4448
10/28/09,3.4148
10/29/09,3.4974
10/30/09,3.3828
11/2/09,3.4145
11/3/09,3.4652
11/4/09,3.5237
11/5/09,3.5236
11/6/09,3.4971
11/9/09,3.4857
11/10/09,3.4724
11/11/09,3.4831
11/12/09,3.4438
11/13/09,3.4177
11/16/09,3.3343
11/17/09,3.3232
11/18/09,3.3638
11/19/09,3.3361
11/20/09,3.3656
11/23/09,3.3489
11/24/09,3.3027
11/25/09,3.2695
11/26/09,3.2694
11/27/09,3.2051
11/30/09,3.1978
12/1/09,3.2822
12/2/09,3.3099
12/3/09,3.3842
12/4/09,3.4722
12/7/09,3.429
12/8/09,3.3804
12/9/09,3.4328
12/10/09,3.4967
12/11/09,3.5498
12/14/09,3.548
12/15/09,3.5861
12/16/09,3.5975
12/17/09,3.478
12/18/09,3.5368
12/21/09,3.6745
12/22/09,3.7538
12/23/09,3.7481
12/24/09,3.8029
12/25/09,3.803
12/28/09,3.8402
12/29/09,3.7972
12/30/09,3.7856
12/31/09,3.8368
1/1/10,3.835
1/4/10,3.8155
1/5/10,3.7608
1/6/10,3.8215
1/7/10,3.8235
1/8/10,3.8297
1/11/10,3.818
1/12/10,3.7108
1/13/10,3.7908
1/14/10,3.7382
1/15/10,3.6744
1/18/10,3.6745
1/19/10,3.6919
1/20/10,3.6474
1/21/10,3.5858
1/22/10,3.6071
1/25/10,3.6265
1/26/10,3.6188
1/27/10,3.6479
1/28/10,3.6344
1/29/10,3.5844
2/1/10,3.6501
2/2/10,3.6405
2/3/10,3.7047
2/4/10,3.6058
2/5/10,3.5654
2/8/10,3.5597
2/9/10,3.6448
2/10/10,3.6897
2/11/10,3.7155
2/12/10,3.6928
2/15/10,3.6909
2/16/10,3.6569
2/17/10,3.7307
2/18/10,3.8012
2/19/10,3.7726
2/22/10,3.7955
2/23/10,3.6834
2/24/10,3.6909
2/25/10,3.6324
2/26/10,3.6117
3/1/10,3.6079
3/2/10,3.6041
3/3/10,3.6173
3/4/10,3.6022
3/5/10,3.6796
3/8/10,3.7157
3/9/10,3.7005
3/10/10,3.7215
3/11/10,3.7272
3/12/10,3.7006
3/15/10,3.6949
3/16/10,3.6493
3/17/10,3.6361
3/18/10,3.6759
3/19/10,3.6892
3/22/10,3.6588
3/23/10,3.6854
3/24/10,3.8524
3/25/10,3.8777
3/26/10,3.8468
3/29/10,3.8643
3/30/10,3.8566
3/31/10,3.8257
4/1/10,3.8685
4/2/10,3.9446
4/5/10,3.9859
4/6/10,3.9505
4/7/10,3.8531
4/8/10,3.8901
4/9/10,3.8825
4/12/10,3.8417
4/13/10,3.8204
4/14/10,3.8593
4/15/10,3.8321
4/16/10,3.7626
4/19/10,3.7974
4/20/10,3.7993
4/21/10,3.7356
4/22/10,3.7723
4/23/10,3.8092
4/26/10,3.8054
4/27/10,3.6877
4/28/10,3.7628
4/29/10,3.7243
4/30/10,3.6532
5/3/10,3.682
5/4/10,3.5902
5/5/10,3.5388
5/6/10,3.3938
5/7/10,3.4255
5/10/10,3.5406
5/11/10,3.5235
5/12/10,3.571
5/13/10,3.5261
5/14/10,3.4534
5/17/10,3.4869
5/18/10,3.3462
5/19/10,3.3682
5/20/10,3.2126
5/21/10,3.2379
5/24/10,3.1942
5/25/10,3.1578
5/26/10,3.1886
5/27/10,3.3605
5/28/10,3.2922
5/31/10,3.2848
6/1/10,3.2591
6/2/10,3.34
6/3/10,3.3639
6/4/10,3.2023
6/7/10,3.1422
6/8/10,3.1857
6/9/10,3.1729
6/10/10,3.3193
6/11/10,3.2346
6/14/10,3.2529
6/15/10,3.3025
6/16/10,3.2601
6/17/10,3.1887
6/18/10,3.2195
6/21/10,3.2414
6/22/10,3.1664
6/23/10,3.119
6/24/10,3.1371
6/25/10,3.1078
6/28/10,3.021
6/29/10,2.9491
6/30/10,2.9311
7/1/10,2.947
7/2/10,2.977
7/5/10,2.9733
7/6/10,2.9302
7/7/10,2.9803
7/8/10,3.0306
7/9/10,3.052
7/12/10,3.0628
7/13/10,3.1208
7/14/10,3.0426
7/15/10,2.9937
7/16/10,2.9215
7/19/10,2.9537
7/20/10,2.9481
7/21/10,2.8782
7/22/10,2.9353
7/23/10,2.9943
7/26/10,2.9924
7/27/10,3.0485
7/28/10,2.985
7/29/10,2.9794
7/30/10,2.9052
8/2/10,2.9609
8/3/10,2.9085
8/4/10,2.9498
8/5/10,2.9011
8/6/10,2.8166
8/9/10,2.8289
8/10/10,2.7593
8/11/10,2.6814
8/12/10,2.7455
8/13/10,2.6716
8/16/10,2.5626
8/17/10,2.6321
8/18/10,2.6321
8/19/10,2.575
8/20/10,2.6106
8/23/10,2.5981
8/24/10,2.488
8/25/10,2.534
8/26/10,2.4755
8/27/10,2.6447
8/30/10,2.5285
8/31/10,2.4683
9/1/10,2.573
9/2/10,2.6231
9/3/10,2.697
9/6/10,2.7025
9/7/10,2.5944
9/8/10,2.6555
9/9/10,2.7588
9/10/10,2.7917
9/13/10,2.748
9/14/10,2.679
9/15/10,2.7207
9/16/10,2.7608
9/17/10,2.7372
9/20/10,2.7026
9/21/10,2.5727
9/22/10,2.5583
9/23/10,2.5511
9/24/10,2.605
9/27/10,2.5242
9/28/10,2.4653
9/29/10,2.5027
9/30/10,2.5098
10/1/10,2.5097
10/4/10,2.4758
10/5/10,2.4722
10/6/10,2.3976
10/7/10,2.3833
10/8/10,2.392
10/11/10,2.3919
10/12/10,2.4309
10/13/10,2.422
10/14/10,2.5076
10/15/10,2.5597
10/18/10,2.5075
10/19/10,2.4752
10/20/10,2.4788
10/21/10,2.5452
10/22/10,2.5541
10/25/10,2.5613
10/26/10,2.6393
10/27/10,2.7198
10/28/10,2.6576
10/29/10,2.5993
11/1/10,2.6229
11/2/10,2.5866
11/3/10,2.5702
11/4/10,2.489
11/5/10,2.5304
11/8/10,2.5502
11/9/10,2.6558
11/10/10,2.6286
11/11/10,2.6447
11/12/10,2.7871
11/15/10,2.9593
11/16/10,2.84
11/17/10,2.8766
11/18/10,2.895
11/19/10,2.8713
11/22/10,2.8019
11/23/10,2.7729
11/24/10,2.912
11/25/10,2.9085
11/26/10,2.8663
11/29/10,2.8205
11/30/10,2.7968
12/1/10,2.9642
12/2/10,2.9885
12/3/10,3.0055
12/6/10,2.9201
12/7/10,3.1257
12/8/10,3.2723
12/9/10,3.2037
12/10/10,3.319
12/13/10,3.275
12/14/10,3.4727
12/15/10,3.5318
12/16/10,3.4224
12/17/10,3.3279
12/20/10,3.3358
12/21/10,3.3031
12/22/10,3.3458
12/23/10,3.3892
12/24/10,3.3933
12/27/10,3.3294
12/28/10,3.4795
12/29/10,3.3489
12/30/10,3.3646
12/31/10,3.2935
1/3/11,3.3324
1/4/11,3.3287
1/5/11,3.4654
1/6/11,3.3932
1/7/11,3.3237
1/10/11,3.2832
1/11/11,3.3396
1/12/11,3.365
1/13/11,3.2972
1/14/11,3.3231
1/17/11,3.3291
1/18/11,3.3663
1/19/11,3.339
1/20/11,3.4488
1/21/11,3.4042
1/24/11,3.4044
1/25/11,3.3284
1/26/11,3.4146
1/27/11,3.3873
1/28/11,3.3214
1/31/11,3.3704
2/1/11,3.4394
2/2/11,3.4771
2/3/11,3.5488
2/4/11,3.6356
2/7/11,3.6299
2/8/11,3.7373
2/9/11,3.6465
2/10/11,3.6928
2/11/11,3.6288
2/14/11,3.6194
2/15/11,3.6044
2/16/11,3.6193
2/17/11,3.5725
2/18/11,3.5799
2/21/11,3.5874
2/22/11,3.4533
2/23/11,3.4848
2/24/11,3.4477
2/25/11,3.4125
2/28/11,3.4272
3/1/11,3.3921
3/2/11,3.4697
3/3/11,3.5554
3/4/11,3.49
3/7/11,3.5123
3/8/11,3.5477
3/9/11,3.4675
3/10/11,3.3584
3/11/11,3.4025
3/14/11,3.3563
3/15/11,3.303
3/16/11,3.17
3/17/11,3.255
3/18/11,3.2678
3/21/11,3.3282
3/22/11,3.3263
3/23/11,3.3501
3/24/11,3.4037
3/25/11,3.4388
3/28/11,3.4313
3/29/11,3.4872
3/30/11,3.4349
3/31/11,3.4703
4/1/11,3.4422
4/4/11,3.4179
4/5/11,3.4795
4/6/11,3.5452
4/7/11,3.5451
4/8/11,3.5772
4/11/11,3.5847
4/12/11,3.4904
4/13/11,3.4585
4/14/11,3.4979
4/15/11,3.4079
4/18/11,3.3743
4/19/11,3.3631
4/20/11,3.4077
4/21/11,3.3963
4/22/11,3.3907
4/25/11,3.3627
4/26/11,3.307
4/27/11,3.3552
4/28/11,3.3106
4/29/11,3.2863
5/2/11,3.2788
5/3/11,3.2473
5/4/11,3.2159
5/5/11,3.1499
5/6/11,3.1459
5/9/11,3.1604
5/10/11,3.2135
5/11/11,3.1593
5/12/11,3.2225
5/13/11,3.1709
5/16/11,3.147
5/17/11,3.1158
5/18/11,3.1801
5/19/11,3.1709
5/20/11,3.1451
5/23/11,3.1286
5/24/11,3.1139
5/25/11,3.1304
5/26/11,3.0572
5/27/11,3.0735
5/30/11,3.0735
5/31/11,3.0607
6/1/11,2.9408
6/2/11,3.0297
6/3/11,2.9859
6/6/11,2.995
6/7/11,2.9949
6/8/11,2.9387
6/9/11,2.9967
6/10/11,2.9693
6/13/11,2.9838
6/14/11,3.0972
6/15/11,2.9692
6/16/11,2.9274
6/17/11,2.9445
6/20/11,2.958
6/21/11,2.9835
6/22/11,2.9825
6/23/11,2.9116
6/24/11,2.8636
6/27/11,2.9305
6/28/11,3.0308
6/29/11,3.1118
6/30/11,3.16
7/1/11,3.1823
7/4/11,3.1823
7/5/11,3.121
7/6/11,3.108
7/7/11,3.1377
7/8/11,3.0268
7/11/11,2.9189
7/12/11,2.877
7/13/11,2.8824
7/14/11,2.9534
7/15/11,2.9058
7/18/11,2.9276
7/19/11,2.8802
7/20/11,2.9275
7/21/11,3.0136
7/22/11,2.9621
7/25/11,3.0006
7/26/11,2.9529
7/27/11,2.9803
7/28/11,2.9454
7/29/11,2.7961
8/1/11,2.7437
8/2/11,2.6114
8/3/11,2.6202
8/4/11,2.4028
8/5/11,2.5585
8/8/11,2.3179
8/9/11,2.2488
8/10/11,2.1061
8/11/11,2.3399
8/12/11,2.2548
8/15/11,2.3053
8/16/11,2.2196
8/17/11,2.1652
8/18/11,2.0624
8/19/11,2.0623
8/22/11,2.1058
8/23/11,2.153
8/24/11,2.2994
8/25/11,2.2286
8/26/11,2.1899
8/29/11,2.2561
8/30/11,2.1767
8/31/11,2.2234
9/1/11,2.1302
9/2/11,1.9857
9/5/11,1.9857
9/6/11,1.984
9/7/11,2.0429
9/8/11,1.9787
9/9/11,1.9183
9/12/11,1.9475
9/13/11,1.9906
9/14/11,1.9837
9/15/11,2.082
9/16/11,2.0479
9/19/11,1.9506
9/20/11,1.9385
9/21/11,1.8576
9/22/11,1.718
9/23/11,1.8334
9/26/11,1.9002
9/27/11,1.9711
9/28/11,1.9797
9/29/11,1.9962
9/30/11,1.9154
10/3/11,1.756
10/4/11,1.8207
10/5/11,1.8877
10/6/11,1.9872
10/7/11,2.0764
10/10/11,2.0764
10/11/11,2.1496
10/12/11,2.2101
10/13/11,2.1834
10/14/11,2.2477
10/17/11,2.155
10/18/11,2.1763
10/19/11,2.1603
10/20/11,2.1888
10/21/11,2.2192
10/24/11,2.2336
10/25/11,2.1089
10/26/11,2.2041
10/27/11,2.3964
10/28/11,2.3167
10/31/11,2.1133
11/1/11,1.9889
11/2/11,1.9854
11/3/11,2.0734
11/4/11,2.0327
11/7/11,2.0371
11/8/11,2.0769
11/9/11,1.9615
11/10/11,2.0564
11/11/11,2.0564
11/14/11,2.0556
11/15/11,2.0451
11/16/11,2
11/17/11,1.9602
11/18/11,2.0104
11/21/11,1.955
11/22/11,1.917
11/23/11,1.8835
11/24/11,1.8835
11/25/11,1.9635
11/28/11,1.9739
11/29/11,1.9913
11/30/11,2.068
12/1/11,2.0873
12/2/11,2.0331
12/5/11,2.0436
12/6/11,2.0891
12/7/11,2.0296
12/8/11,1.9704
12/9/11,2.0611
12/12/11,2.0121
12/13/11,1.9651
12/14/11,1.9027
12/15/11,1.9079
12/16/11,1.8474
12/19/11,1.8096
12/20/11,1.9233
12/21/11,1.9668
12/22/11,1.9476
12/23/11,2.0244
12/26/11,2.0244
12/27/11,2.0052
12/28/11,1.9162
12/29/11,1.8988
12/30/11,1.8762
1/2/12,1.8762
1/3/12,1.9474
1/4/12,1.9771
1/5/12,1.9946
1/6/12,1.9578
1/9/12,1.9578
1/10/12,1.9683
1/11/12,1.9037
1/12/12,1.9228
1/13/12,1.8636
1/16/12,1.8636
1/17/12,1.8566
1/18/12,1.8983
1/19/12,1.977
1/20/12,2.0246
1/23/12,2.0511
1/24/12,2.06
1/25/12,1.9946
1/26/12,1.9313
1/27/12,1.891
1/30/12,1.8439
1/31/12,1.7971
2/1/12,1.8265
2/2/12,1.8212
2/3/12,1.9224
2/6/12,1.9066
2/7/12,1.9734
2/8/12,1.9822
2/9/12,2.0364
2/10/12,1.9862
2/13/12,1.9741
2/14/12,1.9361
2/15/12,1.9275
2/16/12,1.9827
2/17/12,2.0017
2/20/12,2.0017
2/21/12,2.0591
2/22/12,2.0034
2/23/12,1.9965
2/24/12,1.9757
2/27/12,1.9255
2/28/12,1.9428
2/29/12,1.9705
3/1/12,2.0261
3/2/12,1.9739
3/5/12,2.0104
3/6/12,1.9427
3/7/12,1.9756
3/8/12,2.0121
3/9/12,2.0279
3/12/12,2.0331
3/13/12,2.1263
3/14/12,2.2686
3/15/12,2.2794
3/16/12,2.294
3/19/12,2.3772
3/20/12,2.3591
3/21/12,2.296
3/22/12,2.2781
3/23/12,2.2317
3/26/12,2.2479
3/27/12,2.1836
3/28/12,2.1997
3/29/12,2.1587
3/30/12,2.2088
4/2/12,2.182
4/3/12,2.2988
4/4/12,2.2233
4/5/12,2.1805
4/6/12,2.0545
4/9/12,2.0474
4/10/12,1.9823
4/11/12,2.0351
4/12/12,2.051
4/13/12,1.9823
4/16/12,1.9805
4/17/12,1.9981
4/18/12,1.9753
4/19/12,1.9665
4/20/12,1.9629
4/23/12,1.9349
4/24/12,1.9735
4/25/12,1.984
4/26/12,1.9383
4/27/12,1.9348
4/30/12,1.9137
5/1/12,1.9435
5/2/12,1.9277
5/3/12,1.9312
5/4/12,1.8786
5/7/12,1.8716
5/8/12,1.8402
5/9/12,1.8227
5/10/12,1.867
5/11/12,1.8376
5/14/12,1.7637
5/15/12,1.7671
5/16/12,1.7603
5/17/12,1.6971
5/18/12,1.7226
5/21/12,1.7414
5/22/12,1.7688
5/23/12,1.7346
5/24/12,1.7774
5/25/12,1.738
5/28/12,1.738
5/29/12,1.7448
5/30/12,1.622
5/31/12,1.5578
6/1/12,1.452
6/4/12,1.5239
6/5/12,1.5744
6/6/12,1.6592
6/7/12,1.6388
6/8/12,1.6353
6/11/12,1.586
6/12/12,1.6642
6/13/12,1.5927
6/14/12,1.642
6/15/12,1.5773
6/18/12,1.5738
6/19/12,1.6197
6/20/12,1.6572
6/21/12,1.6162
6/22/12,1.6742
6/25/12,1.6024
6/26/12,1.6262
6/27/12,1.6177
6/28/12,1.5768
6/29/12,1.6449
7/2/12,1.5885
7/3/12,1.6294
7/4/12,1.6294
7/5/12,1.5969
7/6/12,1.5491
7/9/12,1.5117
7/10/12,1.5015
7/11/12,1.5167
7/12/12,1.4743
7/13/12,1.4876
7/16/12,1.4724
7/17/12,1.5078
7/18/12,1.4942
7/19/12,1.5077
7/20/12,1.4567
7/23/12,1.4263
7/24/12,1.3875
7/25/12,1.3975
7/26/12,1.4378
7/27/12,1.5463
7/30/12,1.5019
7/31/12,1.4679
8/1/12,1.524
8/2/12,1.4779
8/3/12,1.5631
8/6/12,1.5664
8/7/12,1.6283
8/8/12,1.6491
8/9/12,1.6881
8/10/12,1.6573
8/13/12,1.6642
8/14/12,1.7378
8/15/12,1.8155
8/16/12,1.8346
8/17/12,1.8105
8/20/12,1.8053
8/21/12,1.7984
8/22/12,1.6916
8/23/12,1.6779
8/24/12,1.6865
8/27/12,1.6506
8/28/12,1.6335
8/29/12,1.6506
8/30/12,1.6233
8/31/12,1.5484
9/3/12,1.5484
9/4/12,1.5722
9/5/12,1.596
9/6/12,1.6781
9/7/12,1.6678
9/10/12,1.6541
9/11/12,1.7005
9/12/12,1.7576
9/13/12,1.723
9/14/12,1.866
9/17/12,1.8415
9/18/12,1.8083
9/19/12,1.7718
9/20/12,1.764
9/21/12,1.7528
9/24/12,1.7094
9/25/12,1.6662
9/26/12,1.6095
9/27/12,1.6542
9/28/12,1.6335
10/1/12,1.6249
10/2/12,1.6198
10/3/12,1.6146
10/4/12,1.6732
10/5/12,1.7428
10/8/12,1.7428
10/9/12,1.7132
10/10/12,1.6742
10/11/12,1.6699
10/12/12,1.656
10/15/12,1.663
10/16/12,1.7186
10/17/12,1.8185
10/18/12,1.8344
10/19/12,1.7633
10/22/12,1.8134
10/23/12,1.7572
10/24/12,1.7889
10/25/12,1.8233
10/26/12,1.7451
10/29/12,1.7189
10/30/12,1.7189
10/31/12,1.6901
11/1/12,1.7242
11/2/12,1.7147
11/5/12,1.6841
11/6/12,1.7507
11/7/12,1.6466
11/8/12,1.6148
11/9/12,1.6063
11/12/12,1.6063
11/13/12,1.5945
11/14/12,1.5911
11/15/12,1.5928
11/16/12,1.58
11/19/12,1.6131
11/20/12,1.6659
11/21/12,1.6796
11/22/12,1.6796
11/23/12,1.6899
11/26/12,1.6625
11/27/12,1.6369
11/28/12,1.6284
11/29/12,1.6147
11/30/12,1.6156
12/3/12,1.6207
12/4/12,1.6028
12/5/12,1.5875
12/6/12,1.5857
12/7/12,1.6215
12/10/12,1.6164
12/11/12,1.6541
12/12/12,1.698
12/13/12,1.7299
12/14/12,1.7015
12/17/12,1.7717
12/18/12,1.817
12/19/12,1.8014
12/20/12,1.7962
12/21/12,1.7623
12/24/12,1.7737
12/25/12,1.7737
12/26/12,1.7511
12/27/12,1.7364
12/28/12,1.7009
12/31/12,1.7574
1/1/13,1.7574
1/2/13,1.8371
1/3/13,1.9121
1/4/13,1.8991
1/7/13,1.8974
1/8/13,1.8683
1/9/13,1.8568
1/10/13,1.8958
1/11/13,1.8677
1/14/13,1.8448
1/15/13,1.836
1/16/13,1.8185
1/17/13,1.8794
1/18/13,1.8416
1/21/13,1.8416
1/22/13,1.8417
1/23/13,1.8241
1/24/13,1.8498
1/25/13,1.9487
1/28/13,1.9613
1/29/13,1.9991
1/30/13,1.992
1/31/13,1.9849
2/1/13,2.0149
2/4/13,1.9548
2/5/13,1.998
2/6/13,1.9603
2/7/13,1.9568
2/8/13,1.9499
2/11/13,1.9635
2/12/13,1.977
2/13/13,2.0277
2/14/13,1.9974
2/15/13,2.0017
2/18/13,2.0017
2/19/13,2.0278
2/20/13,2.0087
2/21/13,1.9766
2/22/13,1.9619
2/25/13,1.8637
2/26/13,1.8808
2/27/13,1.9014
2/28/13,1.8756
3/1/13,1.8412
3/4/13,1.8755
3/5/13,1.8978
3/6/13,1.9375
3/7/13,1.9965
3/8/13,2.0427
3/11/13,2.0576
3/12/13,2.0156
3/13/13,2.0209
3/14/13,2.0296
3/15/13,1.9895
3/18/13,1.9546
3/19/13,1.9017
3/20/13,1.9581
3/21/13,1.9112
3/22/13,1.925
3/25/13,1.9198
3/26/13,1.9094
3/27/13,1.8454
3/28/13,1.8487
3/29/13,1.8486
4/1/13,1.8314
4/2/13,1.859
4/3/13,1.8106
4/4/13,1.7625
4/5/13,1.7128
4/8/13,1.746
4/9/13,1.7502
4/10/13,1.8034
4/11/13,1.7887
4/12/13,1.7208
4/15/13,1.6798
4/16/13,1.7224
4/17/13,1.695
4/18/13,1.6847
4/19/13,1.7049
4/22/13,1.6929
4/23/13,1.7065
4/24/13,1.7047
4/25/13,1.708
4/26/13,1.6633
4/29/13,1.6701
4/30/13,1.6717
5/1/13,1.629
5/2/13,1.6255
5/3/13,1.7382
5/6/13,1.7588
5/7/13,1.7778
5/8/13,1.7665
5/9/13,1.8109
5/10/13,1.8973
5/13/13,1.9199
5/14/13,1.974
5/15/13,1.9347
5/16/13,1.8809
5/17/13,1.9506
5/20/13,1.9647
5/21/13,1.9263
5/22/13,2.0395
5/23/13,2.0157
5/24/13,2.0081
5/27/13,2.0081
5/28/13,2.1652
5/29/13,2.1153
5/30/13,2.111
5/31/13,2.1282
6/3/13,2.1193
6/4/13,2.1462
6/5/13,2.0892
6/6/13,2.0769
6/7/13,2.1718
6/10/13,2.2097
6/11/13,2.1846
6/12/13,2.228
6/13/13,2.1489
6/14/13,2.1295
6/17/13,2.1817
6/18/13,2.1854
6/19/13,2.3527
6/20/13,2.4144
6/21/13,2.531
6/24/13,2.5368
6/25/13,2.6082
6/26/13,2.5353
6/27/13,2.4721
6/28/13,2.4857
7/1/13,2.4765
7/2/13,2.4693
7/3/13,2.5032
7/4/13,2.5032
7/5/13,2.7391
7/8/13,2.6356
7/9/13,2.634
7/10/13,2.6238
7/11/13,2.5721
7/12/13,2.5821
7/15/13,2.5372
7/16/13,2.5317
7/17/13,2.4888
7/18/13,2.5284
7/19/13,2.4839
7/22/13,2.4804
7/23/13,2.5049
7/24/13,2.588
7/25/13,2.5712
7/26/13,2.5624
7/29/13,2.6023
7/30/13,2.6101
7/31/13,2.5762
8/1/13,2.706
8/2/13,2.596
8/5/13,2.6333
8/6/13,2.6421
8/7/13,2.5986
8/8/13,2.5892
8/9/13,2.5784
8/12/13,2.6206
8/13/13,2.719
8/14/13,2.7136
8/15/13,2.7664
8/16/13,2.8251
8/19/13,2.8804
8/20/13,2.8142
8/21/13,2.8935
8/22/13,2.8844
8/23/13,2.8146
8/26/13,2.7853
8/27/13,2.7087
8/28/13,2.7653
8/29/13,2.7617
8/30/13,2.7839
9/2/13,2.7839
9/3/13,2.8576
9/4/13,2.8966
9/5/13,2.9937
9/6/13,2.9342
9/9/13,2.912
9/10/13,2.9643
9/11/13,2.9122
9/12/13,2.9095
9/13/13,2.8846
9/16/13,2.8643
9/17/13,2.8468
9/18/13,2.6878
9/19/13,2.7519
9/20/13,2.7337
9/23/13,2.6999
9/24/13,2.6552
9/25/13,2.628
9/26/13,2.6498
9/27/13,2.6245
9/30/13,2.61
10/1/13,2.65
10/2/13,2.6173
10/3/13,2.6046
10/4/13,2.6447
10/7/13,2.6265
10/8/13,2.632
10/9/13,2.6631
10/10/13,2.6814
10/11/13,2.6871
10/14/13,2.6871
10/15/13,2.7276
10/16/13,2.6633
10/17/13,2.5894
10/18/13,2.5777
10/21/13,2.6014
10/22/13,2.5124
10/23/13,2.5016
10/24/13,2.5197
10/25/13,2.5088
10/28/13,2.5233
10/29/13,2.5034
10/30/13,2.5378
10/31/13,2.5542
11/1/13,2.6218
11/4/13,2.6035
11/5/13,2.6696
11/6/13,2.6421
11/7/13,2.5999
11/8/13,2.7477
11/11/13,2.7477
11/12/13,2.7728
11/13/13,2.6996
11/14/13,2.69
11/15/13,2.7033
11/18/13,2.6658
11/19/13,2.7069
11/20/13,2.7987
11/21/13,2.7842
11/22/13,2.7427
11/25/13,2.7283
11/26/13,2.7077
11/27/13,2.7373
11/28/13,2.7373
11/29/13,2.7445
12/2/13,2.7951
12/3/13,2.7825
12/4/13,2.8342
12/5/13,2.8717
12/6/13,2.8553
12/9/13,2.8389
12/10/13,2.8006
12/11/13,2.8535
12/12/13,2.8773
12/13/13,2.8646
12/16/13,2.8784
12/17/13,2.8354
12/18/13,2.8931
12/19/13,2.9291
12/20/13,2.8886
12/23/13,2.9274
12/24/13,2.9775
12/25/13,2.9775
12/26/13,2.9905
12/27/13,3
12/30/13,2.9703
12/31/13,3.0282
1/1/14,3.0282
1/2/14,2.989
1/3/14,2.9948
1/6/14,2.9576
1/7/14,2.9391
1/8/14,2.9894
1/9/14,2.9652
1/10/14,2.8579
1/13/14,2.8257
1/14/14,2.8709
1/15/14,2.8912
1/16/14,2.8414
1/17/14,2.8194
1/20/14,2.8194
1/21/14,2.8286
1/22/14,2.8656
1/23/14,2.7772
1/24/14,2.715
1/27/14,2.7479
1/28/14,2.7488
1/29/14,2.6767
1/30/14,2.6949
1/31/14,2.644
2/3/14,2.5761
2/4/14,2.6294
2/5/14,2.6675
2/6/14,2.7003
2/7/14,2.6829
2/10/14,2.6674
2/11/14,2.725
2/12/14,2.7608
2/13/14,2.732
2/14/14,2.7428
2/17/14,2.7428
2/18/14,2.7069
2/19/14,2.7392
2/20/14,2.7509
2/21/14,2.731
2/24/14,2.7382
2/25/14,2.7023
2/26/14,2.6655
2/27/14,2.6387
2/28/14,2.6476
3/3/14,2.6012
3/4/14,2.6977
3/5/14,2.7048
3/6/14,2.7373
3/7/14,2.7879
3/10/14,2.777
3/11/14,2.768
3/12/14,2.73
3/13/14,2.6446
3/14/14,2.6543
3/17/14,2.6921
3/18/14,2.6722
3/19/14,2.7725
3/20/14,2.7716
3/21/14,2.7426
3/24/14,2.7281
3/25/14,2.748
3/26/14,2.6919
3/27/14,2.681
3/28/14,2.7208
3/31/14,2.718
4/1/14,2.7525
4/2/14,2.8045
4/3/14,2.7972
4/4/14,2.7207
4/7/14,2.6998
4/8/14,2.6808
4/9/14,2.6898
4/10/14,2.6474
4/11/14,2.6247
4/14/14,2.6472
4/15/14,2.6283
4/16/14,2.6282
4/17/14,2.7215
4/18/14,2.7215
4/21/14,2.7151
4/22/14,2.7105
4/23/14,2.6987
4/24/14,2.6805
4/25/14,2.6623
4/28/14,2.7004
4/29/14,2.6913
4/30/14,2.6459
5/1/14,2.6133
5/2/14,2.5843
5/5/14,2.6068
5/6/14,2.5914
5/7/14,2.5878
5/8/14,2.6161
5/9/14,2.6233
5/12/14,2.6611
5/13/14,2.6089
5/14/14,2.5427
5/15/14,2.4893
5/16/14,2.5231
5/19/14,2.5445
5/20/14,2.5106
5/21/14,2.532
5/22/14,2.5499
5/23/14,2.532
5/26/14,2.532
5/27/14,2.5142
5/28/14,2.4431
5/29/14,2.4644
5/30/14,2.4759
6/2/14,2.5267
6/3/14,2.5985
6/4/14,2.6021
6/5/14,2.5824
6/6/14,2.5869
6/9/14,2.6032
6/10/14,2.6439
6/11/14,2.6394
6/12/14,2.5951
6/13/14,2.6033
6/16/14,2.597
6/17/14,2.6523
6/18/14,2.5844
6/19/14,2.6206
6/20/14,2.6052
6/23/14,2.6261
6/24/14,2.5781
6/25/14,2.5592
6/26/14,2.5286
6/27/14,2.534
6/30/14,2.5304
7/1/14,2.5647
7/2/14,2.6264
7/3/14,2.6383
7/4/14,2.6383
7/7/14,2.611
7/8/14,2.5557
7/9/14,2.5503
7/10/14,2.5359
7/11/14,2.516
7/14/14,2.5468
7/15/14,2.5468
7/16/14,2.526
7/17/14,2.4458
7/18/14,2.4809
7/21/14,2.4674
7/22/14,2.4601
7/23/14,2.4655
7/24/14,2.5025
7/25/14,2.4655
7/28/14,2.4853
7/29/14,2.4601
7/30/14,2.5569
7/31/14,2.5578
8/1/14,2.4925
8/4/14,2.4817
8/5/14,2.4844
8/6/14,2.4708
8/7/14,2.4114
8/8/14,2.4203
8/11/14,2.4275
8/12/14,2.4491
8/13/14,2.4166
8/14/14,2.4015
8/15/14,2.3397
8/18/14,2.3927
8/19/14,2.3997
8/20/14,2.4264
8/21/14,2.4068
8/22/14,2.4024
8/25/14,2.382
8/26/14,2.3962
8/27/14,2.3573
8/28/14,2.3361
8/29/14,2.3431
9/1/14,2.3431
9/2/14,2.4211
9/3/14,2.3962
9/4/14,2.4497
9/5/14,2.4587
9/8/14,2.4712
9/9/14,2.5036
9/10/14,2.5414
9/11/14,2.5496
9/12/14,2.6105
9/15/14,2.5887
9/16/14,2.5924
9/17/14,2.6198
9/18/14,2.6144
9/19/14,2.5745
9/22/14,2.5636
9/23/14,2.5275
9/24/14,2.5637
9/25/14,2.5022
9/26/14,2.5276
9/29/14,2.4771
9/30/14,2.4888
10/1/14,2.3856
10/2/14,2.425
10/3/14,2.434
10/6/14,2.4196
10/7/14,2.3391
10/8/14,2.3213
10/9/14,2.3133
10/10/14,2.2804
10/13/14,2.2804
10/14/14,2.1973
10/15/14,2.1358
10/16/14,2.1559
10/17/14,2.1936
10/20/14,2.1909
10/21/14,2.2217
10/22/14,2.2164
10/23/14,2.2712
10/24/14,2.2685
10/27/14,2.2605
10/28/14,2.296
10/29/14,2.3174
10/30/14,2.3058
10/31/14,2.3353
11/3/14,2.3425
11/4/14,2.3335
11/5/14,2.3424
11/6/14,2.3856
11/7/14,2.2976
11/10/14,2.3604
11/11/14,2.3604
11/12/14,2.3712
11/13/14,2.3399
11/14/14,2.3204
11/17/14,2.3399
11/18/14,2.3151
11/19/14,2.3594
11/20/14,2.3373
11/21/14,2.3099
11/24/14,2.3064
11/25/14,2.257
11/26/14,2.2447
11/27/14,2.2447
11/28/14,2.164
12/1/14,2.235
12/2/14,2.2923
12/3/14,2.2799
12/4/14,2.2341
12/5/14,2.3065
12/8/14,2.257
12/9/14,2.2129
12/10/14,2.1638
12/11/14,2.162
12/12/14,2.0817
12/15/14,2.1182
12/16/14,2.0591
12/17/14,2.1356
12/18/14,2.2075
12/19/14,2.1618
12/22/14,2.1583
12/23/14,2.2614
12/24/14,2.2632
12/25/14,2.2632
12/26/14,2.2499
12/29/14,2.2021
12/30/14,2.1871
12/31/14,2.1712
1/1/15,2.1712
1/2/15,2.1105
1/5/15,2.032
1/6/15,1.9402
1/7/15,1.9677
1/8/15,2.0179
1/9/15,1.9449
1/12/15,1.907
1/13/15,1.9
1/14/15,1.8553
1/15/15,1.7149
1/16/15,1.8368
1/19/15,1.8368
1/20/15,1.788
1/21/15,1.8717
1/22/15,1.8631
1/23/15,1.7968
1/26/15,1.8241
1/27/15,1.8231
1/28/15,1.7207
1/29/15,1.7512
1/30/15,1.6407
2/2/15,1.6642
2/3/15,1.7915
2/4/15,1.7513
2/5/15,1.8204
2/6/15,1.9567
2/9/15,1.9775
2/10/15,1.9967
2/11/15,2.0176
2/12/15,1.9844
2/13/15,2.0504
2/16/15,2.0504
2/17/15,2.1379
2/18/15,2.08
2/19/15,2.1142
2/20/15,2.1117
2/23/15,2.0574
2/24/15,1.98
2/25/15,1.9688
2/26/15,2.0295
2/27/15,1.993
3/2/15,2.082
3/3/15,2.1189
3/4/15,2.1172
3/5/15,2.1154
3/6/15,2.2414
3/9/15,2.1907
3/10/15,2.1297
3/11/15,2.1086
3/12/15,2.1156
3/13/15,2.114
3/16/15,2.0717
3/17/15,2.0507
3/18/15,1.9199
3/19/15,1.9685
3/20/15,1.9303
3/23/15,1.912
3/24/15,1.8731
3/25/15,1.925
3/26/15,1.9894
3/27/15,1.9615
3/30/15,1.9475
3/31/15,1.9231
4/1/15,1.8573
4/2/15,1.9117
4/3/15,1.8389
4/6/15,1.8952
4/7/15,1.8848
4/8/15,1.9047
4/9/15,1.9596
4/10/15,1.9473
4/13/15,1.9272
4/14/15,1.8985
4/15/15,1.888
4/16/15,1.8897
4/17/15,1.8653
4/20/15,1.8896
4/21/15,1.9087
4/22/15,1.9788
4/23/15,1.9577
4/24/15,1.9086
4/27/15,1.9208
4/28/15,2.0034
4/29/15,2.0388
4/30/15,2.0317
5/1/15,2.1135
5/4/15,2.144
5/5/15,2.1853
5/6/15,2.2431
5/7/15,2.18
5/8/15,2.1478
5/11/15,2.2797
5/12/15,2.2489
5/13/15,2.2926
5/14/15,2.2301
5/15/15,2.1424
5/18/15,2.2337
5/19/15,2.2886
5/20/15,2.2479
5/21/15,2.1898
5/22/15,2.2092
5/25/15,2.2092
5/26/15,2.139
5/27/15,2.1285
5/28/15,2.1355
5/29/15,2.1214
6/1/15,2.1794
6/2/15,2.2624
6/3/15,2.3642
6/4/15,2.307
6/5/15,2.4076
6/8/15,2.3824
6/9/15,2.4384
6/10/15,2.4838
6/11/15,2.3772
6/12/15,2.3918
6/15/15,2.3559
6/16/15,2.3093
6/17/15,2.3165
6/18/15,2.3345
6/19/15,2.2577
6/22/15,2.3725
6/23/15,2.4087
6/24/15,2.3672
6/25/15,2.4088
6/26/15,2.4726
6/29/15,2.3242
6/30/15,2.3531
7/1/15,2.4219
7/2/15,2.3823
7/3/15,2.3823
7/6/15,2.285
7/7/15,2.2582
7/8/15,2.1922
7/9/15,2.3211
7/10/15,2.3972
7/13/15,2.4538
7/14/15,2.401
7/15/15,2.3521
7/16/15,2.3503
7/17/15,2.3469
7/20/15,2.3723
7/21/15,2.3253
7/22/15,2.3235
7/23/15,2.2677
7/24/15,2.2624
7/27/15,2.2175
7/28/15,2.2499
7/29/15,2.2859
7/30/15,2.2589
7/31/15,2.1801
8/3/15,2.148
8/4/15,2.2213
8/5/15,2.2699
8/6/15,2.2214
8/7/15,2.1623
8/10/15,2.2269
8/11/15,2.1409
8/12/15,2.148
8/13/15,2.1854
8/14/15,2.1977
8/17/15,2.1678
8/18/15,2.1925
8/19/15,2.1256
8/20/15,2.0679
8/21/15,2.0365
8/24/15,2.0034
8/25/15,2.0714
8/26/15,2.1752
8/27/15,2.1841
8/28/15,2.1806
8/31/15,2.2179
9/1/15,2.1524
9/2/15,2.1843
9/3/15,2.1596
9/4/15,2.1244
9/7/15,2.1244
9/8/15,2.1828
9/9/15,2.2006
9/10/15,2.222
9/11/15,2.1883
9/14/15,2.1831
9/15/15,2.2867
9/16/15,2.294
9/17/15,2.1903
9/18/15,2.1336
9/21/15,2.2012
9/22/15,2.1337
9/23/15,2.1497
9/24/15,2.1266
9/25/15,2.1623
9/28/15,2.0949
9/29/15,2.0508
9/30/15,2.0368
10/1/15,2.0368
10/2/15,1.9929
10/5/15,2.0562
10/6/15,2.0315
10/7/15,2.0668
10/8/15,2.104
10/9/15,2.0881
10/12/15,2.0881
10/13/15,2.0439
10/14/15,1.9718
10/15/15,2.0175
10/16/15,2.0334
10/19/15,2.0228
10/20/15,2.067
10/21/15,2.0228
10/22/15,2.0263
10/23/15,2.0866
10/26/15,2.0564
10/27/15,2.037
10/28/15,2.1009
10/29/15,2.1725
10/30/15,2.1421
11/2/15,2.1709
11/3/15,2.2105
11/4/15,2.225
11/5/15,2.2323
11/6/15,2.3252
11/9/15,2.3436
11/10/15,2.3419
11/11/15,2.3301
11/12/15,2.3116
11/13/15,2.2658
11/16/15,2.2676
11/17/15,2.2658
11/18/15,2.2728
11/19/15,2.2482
11/20/15,2.2623
11/23/15,2.2377
11/24/15,2.2377
11/25/15,2.2341
11/26/15,2.2341
11/27/15,2.2201
11/30/15,2.206
12/1/15,2.1431
12/2/15,2.1797
12/3/15,2.3136
12/4/15,2.2693
12/7/15,2.2288
12/8/15,2.2182
12/9/15,2.2164
12/10/15,2.2305
12/11/15,2.127
12/14/15,2.2217
12/15/15,2.2658
12/16/15,2.296
12/17/15,2.2234
12/18/15,2.204
12/21/15,2.1917
12/22/15,2.2357
12/23/15,2.2534
12/24/15,2.241
12/25/15,2.241
12/28/15,2.2304
12/29/15,2.305
12/30/15,2.2943
12/31/15,2.2694
1/1/16,2.2694
1/4/16,2.2428
1/5/16,2.2357
1/6/16,2.1702
1/7/16,2.1455
1/8/16,2.1156
1/11/16,2.1754
1/12/16,2.1032
1/13/16,2.0927
1/14/16,2.0874
1/15/16,2.0347
1/18/16,2.0347
1/19/16,2.0556
1/20/16,1.9824
1/21/16,2.0311
1/22/16,2.0519
1/25/16,2.0012
1/26/16,1.9942
1/27/16,1.9993
1/28/16,1.9784
1/29/16,1.9209
2/1/16,1.9486
2/2/16,1.8448
2/3/16,1.8861
2/4/16,1.8395
2/5/16,1.8357
2/8/16,1.7483
2/9/16,1.726
2/10/16,1.6681
2/11/16,1.659
2/12/16,1.7481
2/15/16,1.7481
2/16/16,1.7723
2/17/16,1.819
2/18/16,1.7396
2/19/16,1.7449
2/22/16,1.7518
2/23/16,1.7225
2/24/16,1.7484
2/25/16,1.7157
2/26/16,1.7623
2/29/16,1.7347
3/1/16,1.8249
3/2/16,1.8406
3/3/16,1.8337
3/4/16,1.8741
3/7/16,1.9057
3/8/16,1.8287
3/9/16,1.876
3/10/16,1.9323
3/11/16,1.9839
3/14/16,1.9592
3/15/16,1.9699
3/16/16,1.9081
3/17/16,1.8958
3/18/16,1.8732
3/21/16,1.9155
3/22/16,1.9403
3/23/16,1.8786
3/24/16,1.9
3/25/16,1.9
3/28/16,1.886
3/29/16,1.8035
3/30/16,1.8228
3/31/16,1.7687
4/1/16,1.7705
4/4/16,1.7618
4/5/16,1.7201
4/6/16,1.7549
4/7/16,1.6889
4/8/16,1.7167
4/11/16,1.7254
4/12/16,1.7761
4/13/16,1.7639
4/14/16,1.7919
4/15/16,1.7518
4/18/16,1.7711
4/19/16,1.7851
4/20/16,1.845
4/21/16,1.861
4/22/16,1.8878
4/25/16,1.9128
4/26/16,1.9271
4/27/16,1.8508
4/28/16,1.8243
4/29/16,1.8333
5/2/16,1.8723
5/3/16,1.7963
5/4/16,1.7752
5/5/16,1.7453
5/6/16,1.7789
5/9/16,1.7507
5/10/16,1.7613
5/11/16,1.7367
5/12/16,1.7516
5/13/16,1.7001
5/16/16,1.7533
5/17/16,1.7723
5/18/16,1.8538
5/19/16,1.8487
5/20/16,1.8384
5/23/16,1.835
5/24/16,1.8629
5/25/16,1.8664
5/26/16,1.8282
5/27/16,1.851
5/30/16,1.851
5/31/16,1.8458
6/1/16,1.8354
6/2/16,1.7989
6/3/16,1.7004
6/6/16,1.7367
6/7/16,1.7177
6/8/16,1.7022
6/9/16,1.6867
6/10/16,1.6404
6/13/16,1.6096
6/14/16,1.613
6/15/16,1.572
6/16/16,1.5788
6/17/16,1.6078
6/20/16,1.6886
6/21/16,1.7059
6/22/16,1.6852
6/23/16,1.7458
6/24/16,1.5599
6/27/16,1.4377
6/28/16,1.4664
6/29/16,1.5155
6/30/16,1.4697
7/1/16,1.4441
7/4/16,1.4441
7/5/16,1.375
7/6/16,1.3682
7/7/16,1.385
7/8/16,1.3579
7/11/16,1.4303
7/12/16,1.51
7/13/16,1.4743
7/14/16,1.5356
7/15/16,1.5509
7/18/16,1.5818
7/19/16,1.5526
7/20/16,1.5801
7/21/16,1.556
7/22/16,1.5663
7/25/16,1.5731
7/26/16,1.5611
7/27/16,1.4976
7/28/16,1.5044
7/29/16,1.4531
8/1/16,1.5214
8/2/16,1.5558
8/3/16,1.542
8/4/16,1.5008
8/5/16,1.5885
8/8/16,1.592
8/9/16,1.547
8/10/16,1.5074
8/11/16,1.5593
8/12/16,1.5135
8/15/16,1.5576
8/16/16,1.5746
8/17/16,1.5491
8/18/16,1.5356
8/19/16,1.5781
8/22/16,1.5424
8/23/16,1.5458
8/24/16,1.5611
8/25/16,1.5731
8/26/16,1.6296
8/29/16,1.5595
8/30/16,1.5663
8/31/16,1.58
9/1/16,1.5681
9/2/16,1.6024
9/5/16,1.6024
9/6/16,1.534
9/7/16,1.5391
9/8/16,1.599
9/9/16,1.6749
9/12/16,1.6629
9/13/16,1.7271
9/14/16,1.6976
9/15/16,1.6907
9/16/16,1.6926
9/19/16,1.7118
9/20/16,1.6892
9/21/16,1.6511
9/22/16,1.6183
9/23/16,1.6184
9/26/16,1.5839
9/27/16,1.5564
9/28/16,1.5719
9/29/16,1.5599
9/30/16,1.5944
10/3/16,1.6221
10/4/16,1.6864
10/5/16,1.7021
10/6/16,1.7372
10/7/16,1.7181
10/10/16,1.7181
10/11/16,1.7638
10/12/16,1.7692
10/13/16,1.7411
10/14/16,1.7977
10/17/16,1.766
10/18/16,1.7379
10/19/16,1.7432
10/20/16,1.7556
10/21/16,1.7347
10/24/16,1.7647
10/25/16,1.756
10/26/16,1.7931
10/27/16,1.8536
10/28/16,1.8468
10/31/16,1.8255
11/1/16,1.8274
11/2/16,1.8025
11/3/16,1.8115
11/4/16,1.7762
11/7/16,1.8261
11/8/16,1.8547
11/9/16,2.0571
11/10/16,2.1501
11/11/16,2.1501
11/14/16,2.2614
11/15/16,2.2189
11/16/16,2.2225
11/17/16,2.3026
11/18/16,2.3548
11/21/16,2.3154
11/22/16,2.3119
11/23/16,2.3498
11/24/16,2.3498
11/25/16,2.3572
11/28/16,2.3124
11/29/16,2.291
11/30/16,2.3809
12/1/16,2.4481
12/2/16,2.3831
12/5/16,2.3941
12/6/16,2.3887
12/7/16,2.3401
12/8/16,2.4071
12/9/16,2.4675
12/12/16,2.4712
12/13/16,2.4713
12/14/16,2.5707
12/15/16,2.5967
12/16/16,2.5916
12/19/16,2.5382
12/20/16,2.5586
12/21/16,2.5348
12/22/16,2.5515
12/23/16,2.5373
12/26/16,2.5373
12/27/16,2.5596
12/28/16,2.508
12/29/16,2.475
12/30/16,2.4443
1/2/17,2.4443
1/3/17,2.4444
1/4/17,2.439
1/5/17,2.3443
1/6/17,2.4193
1/9/17,2.3647
1/10/17,2.3757
1/11/17,2.3721
1/12/17,2.3631
1/13/17,2.3964
1/16/17,2.3964
1/17/17,2.3253
1/18/17,2.4296
1/19/17,2.4739
1/20/17,2.4668
1/23/17,2.3971
1/24/17,2.4652
1/25/17,2.5116
1/26/17,2.5043
1/27/17,2.4843
1/30/17,2.4881
1/31/17,2.4531
2/1/17,2.4699
2/2/17,2.4737
2/3/17,2.4648
2/6/17,2.4077
2/7/17,2.3931
2/8/17,2.3363
2/9/17,2.3948
2/10/17,2.4073
2/13/17,2.4358
2/14/17,2.4698
2/15/17,2.4932
2/16/17,2.4467
2/17/17,2.4147
2/20/17,2.4147
2/21/17,2.429
2/22/17,2.4129
2/23/17,2.372
2/24/17,2.3117
2/27/17,2.365
2/28/17,2.3899
3/1/17,2.4526
3/2/17,2.4779
3/3/17,2.478
3/6/17,2.4997
3/7/17,2.5179
3/8/17,2.5597
3/9/17,2.6053
3/10/17,2.5745
3/13/17,2.6258
3/14/17,2.6002
3/15/17,2.493
3/16/17,2.5402
3/17/17,2.5005
3/20/17,2.4607
3/21/17,2.4175
3/22/17,2.405
3/23/17,2.4194
3/24/17,2.4123
3/27/17,2.3782
3/28/17,2.4178
3/29/17,2.3765
3/30/17,2.4197
3/31/17,2.3874
4/3/17,2.3193
4/4/17,2.3605
4/5/17,2.3354
4/6/17,2.3408
4/7/17,2.3822
4/10/17,2.3661
4/11/17,2.2962
4/12/17,2.2392
4/13/17,2.2374
4/14/17,2.2374
4/17/17,2.2498
4/18/17,2.1682
4/19/17,2.2143
4/20/17,2.232
4/21/17,2.248
4/24/17,2.273
4/25/17,2.3322
4/26/17,2.3035
4/27/17,2.2946
4/28/17,2.2802
5/1/17,2.318
5/2/17,2.2803
5/3/17,2.318
5/4/17,2.3541
5/5/17,2.3487
5/8/17,2.3868
5/9/17,2.3977
5/10/17,2.4141
5/11/17,2.3874
5/12/17,2.3257
5/15/17,2.3433
5/16/17,2.3257
5/17/17,2.2243
5/18/17,2.2294
5/19/17,2.2346
5/22/17,2.2537
5/23/17,2.2799
5/24/17,2.2502
5/25/17,2.2554
5/26/17,2.2465
5/29/17,2.2465
5/30/17,2.2098
5/31/17,2.2028
6/1/17,2.2114
6/2/17,2.1591
6/5/17,2.1817
6/6/17,2.1451
6/7/17,2.1729
6/8/17,2.1885
6/9/17,2.2005
6/12/17,2.2145
6/13/17,2.2109
6/14/17,2.1256
6/15/17,2.1637
6/16/17,2.1514
6/19/17,2.1879
6/20/17,2.1565
6/21/17,2.1634
6/22/17,2.1477
6/23/17,2.1423
6/26/17,2.137
6/27/17,2.2051
6/28/17,2.2173
